name,generic_name,nafdac_number,manufacturer,category,form,strength,brand_names,uses,contraindications,side_effects,interactions,price_min,price_max,requires_prescription,controlled,atc_code
Panadol Tablets,Paracetamol,A4-0003,GSK Consumer Healthcare,Analgesic/Antipyretic,Tablet,500mg,Panadol|Emzor Paracetamol|M&B Paracetamol|Hedex|Fenacet,Mild to moderate pain relief|Fever reduction|Headache|Toothache|Menstrual pain|Cold and flu symptoms,Severe hepatic impairment|Known hypersensitivity to paracetamol,Nausea (rare)|Skin rash (rare)|Liver damage (overdose only),Warfarin (increased anticoagulant effect)|Alcohol (increased hepatotoxicity risk)|Isoniazid,300,800,False,False,N02BE01
Amatem Softgel,Artemether + Lumefantrine,A4-1234,Bliss GVS Pharma,Antimalarial,Softgel Capsule,20mg/120mg,Amatem|Coartem|Lonart|Artemakine,Treatment of uncomplicated Plasmodium falciparum malaria|Treatment of mixed malarial infections,First trimester of pregnancy|Severe malaria (use IV artesunate instead)|Known QT prolongation|Hypersensitivity to artemether or lumefantrine,Headache|Dizziness|Nausea|Vomiting|Abdominal pain|Palpitations|Sleep disturbance,Halofantrine (QT prolongation)|Quinine|Mefloquine|CYP3A4 inhibitors,1800,2500,False,False,P01BF01
Augmentin Tablets,Amoxicillin + Clavulanic Acid,A4-5678,GSK,Antibiotic,Tablet,625mg (500mg/125mg),Augmentin|Amoxclav|Clavumox|Co-Amoxiclav,Respiratory tract infections|Urinary tract infections|Skin and soft tissue infections|Dental infections|Sinusitis|Otitis media,Penicillin hypersensitivity|History of Augmentin-associated jaundice|Severe renal impairment,Diarrhoea|Nausea|Skin rash|Hepatitis (rare)|Pseudomembranous colitis (rare),Warfarin|Methotrexate|Oral contraceptives (reduced efficacy)|Allopurinol,12000,15000,True,False,J01CR02
Lonart DS Tablets,Artemether + Lumefantrine,A4-2001,Bliss GVS Pharma,Antimalarial,Tablet,80mg/480mg,Lonart DS|Lonart,Treatment of uncomplicated falciparum malaria in adults and children above 35kg,Severe malaria|QT prolongation|Pregnancy (first trimester),Headache|Dizziness|Anorexia|Palpitations,Halofantrine|Quinine|Grapefruit juice,2500,3800,False,False,P01BF01
Amlodipine Tablets,Amlodipine Besylate,B1-0001,Pfizer,Antihypertensive/Calcium Channel Blocker,Tablet,"5mg, 10mg",Norvasc|Amlopres|Amlokind|Stamlo,Hypertension (high blood pressure)|Stable angina|Vasospastic angina (Prinzmetal's angina),Severe hypotension|Cardiogenic shock|Unstable angina (except vasospastic)|Hypersensitivity to dihydropyridines,Peripheral oedema (ankle swelling)|Headache|Flushing|Dizziness|Palpitations,Simvastatin (increase dose limit to 20mg)|Cyclosporine|Tacrolimus|CYP3A4 inhibitors,1500,4000,True,False,C08CA01
Lisinopril Tablets,Lisinopril,B1-0002,AstraZeneca,Antihypertensive/ACE Inhibitor,Tablet,"5mg, 10mg, 20mg",Zestril|Prinivil|Linvas|Hipril,Hypertension|Heart failure|Post-myocardial infarction|Diabetic nephropathy,History of angioedema with ACE inhibitor|Pregnancy|Bilateral renal artery stenosis|Hyperkalaemia,Dry persistent cough|Dizziness|Hyperkalaemia|Angioedema (rare but serious)|Renal impairment,Potassium-sparing diuretics|NSAIDs|Lithium|Aliskiren (in diabetes),800,2500,True,False,C09AA03
Losartan Potassium Tablets,Losartan Potassium,B1-0010,MSD (Merck),Antihypertensive/ARB,Tablet,"25mg, 50mg, 100mg",Cozaar|Losacar|Repace|Losar,Hypertension|Diabetic nephropathy in type 2 diabetes|Heart failure|Stroke prevention in hypertension with LVH,Pregnancy|Hypersensitivity|Co-administration with aliskiren in diabetes,Dizziness|Hyperkalaemia|Renal impairment|Anaemia (in renal patients),Potassium supplements|NSAIDs|Rifampicin|Fluconazole,1200,3500,True,False,C09CA01
Metformin Hydrochloride Tablets,Metformin Hydrochloride,C2-0001,Merck Serono,Antidiabetic/Biguanide,Tablet,"500mg, 850mg, 1000mg",Glucophage|Metforal|Diabex|Glucomet,Type 2 diabetes mellitus|Prevention of type 2 diabetes (prediabetes)|Polycystic ovary syndrome (PCOS),Renal impairment (eGFR <30)|Hepatic impairment|Contrast dye procedures (withhold 48h)|Lactic acidosis risk factors|Excessive alcohol intake,Nausea|Diarrhoea|Abdominal pain|Lactic acidosis (rare)|Vitamin B12 deficiency (long-term use)|Metallic taste,Alcohol|Iodinated contrast agents|Cimetidine|Carbonic anhydrase inhibitors,500,2000,True,False,A10BA02
Glibenclamide Tablets,Glibenclamide (Glyburide),C2-0002,Sanofi,Antidiabetic/Sulphonylurea,Tablet,"2.5mg, 5mg",Daonil|Euglucon|Gliben,Type 2 diabetes mellitus (when diet and exercise are insufficient),Type 1 diabetes|Diabetic ketoacidosis|Severe renal/hepatic impairment|Pregnancy|Sulphonylurea hypersensitivity,Hypoglycaemia|Weight gain|Nausea|Skin reactions,NSAIDs|Warfarin|Fluoroquinolones|Alcohol|Beta-blockers (mask hypoglycaemia symptoms),400,1200,True,False,A10BB01
Ciprofloxacin Tablets,Ciprofloxacin Hydrochloride,D3-0001,Bayer AG,Antibiotic/Fluoroquinolone,Tablet,"250mg, 500mg, 750mg",Ciprobay|Ciprolet|Ciplox|Bactiflox,Urinary tract infections|Respiratory tract infections|Typhoid fever|Gonorrhoea|Anthrax (post-exposure)|Complicated intra-abdominal infections,Known quinolone hypersensitivity|Children under 18 (risk of arthropathy)|Concurrent use with tizanidine|QT prolongation,Nausea|Diarrhoea|Headache|Tendinitis/tendon rupture (especially in elderly)|QT prolongation|Photosensitivity|Peripheral neuropathy,Antacids (reduce absorption)|Warfarin|Theophylline|NSAIDs (seizure risk)|Tizanidine,1200,3500,True,False,J01MA02
Amoxicillin Capsules,Amoxicillin Trihydrate,D3-0002,GSK,Antibiotic/Penicillin,Capsule,"250mg, 500mg",Amoxil|Ampiclox|Tримокс|Hiconcil,"Ear, nose and throat infections|Lower respiratory infections|Urinary tract infections|Skin infections|H. pylori eradication (with clarithromycin and PPI)",Penicillin hypersensitivity|Infectious mononucleosis (rash risk),Diarrhoea|Nausea|Skin rash|Urticaria|Pseudomembranous colitis (rare),Warfarin|Methotrexate|Oral contraceptives|Allopurinol,800,2200,True,False,J01CA04
Metronidazole Tablets,Metronidazole,D3-0015,Sanofi,Antibiotic/Antiprotozoal,Tablet,"200mg, 400mg, 500mg",Flagyl|Metrozol|Rozex|Zidoval,Anaerobic bacterial infections|Amoebiasis|Giardiasis|Trichomoniasis|H. pylori eradication|Bacterial vaginosis|Dental infections,First trimester of pregnancy|Hypersensitivity|CNS diseases (high doses),Metallic taste|Nausea|Vomiting|Headache|Peripheral neuropathy (prolonged use)|Dark urine,Alcohol (disulfiram-like reaction)|Warfarin|Lithium|Phenytoin|Ciclosporin,400,1200,False,False,J01XD01
Tenofovir + Lamivudine + Dolutegravir,TDF/3TC/DTG,E4-0001,ViiV Healthcare / Aspen,Antiretroviral/ARV,Tablet,300mg/300mg/50mg,TLD|Dovato (DTG/3TC only)|Triumeq,HIV-1 infection in adults and adolescents (≥30kg)|First-line ART (WHO preferred regimen),Hypersensitivity to any component|Co-administration with dofetilide|Renal impairment (GFR <50) - use TAF-based regimen instead,Insomnia|Headache|Nausea|Dizziness|Renal tubular dysfunction (TDF)|Decreased bone density (TDF),Metformin (increase metformin levels)|Antacids (reduce dolutegravir absorption - take 2h apart)|Rifampicin (requires DTG dose doubling)|Carbamazepine|Phenytoin,0,500,True,False,J05AR19
Efavirenz + Lamivudine + Tenofovir,EFV/3TC/TDF,E4-0002,Cipla,Antiretroviral/ARV,Tablet,600mg/300mg/300mg,Atripla|Viraday|Andimune DF,HIV-1 infection (adults)|Second-line where DTG not available|Prevention of mother-to-child transmission,Pregnancy (first trimester - teratogenic)|Severe hepatic impairment|Co-administration with voriconazole,"CNS effects (dizziness, vivid dreams, insomnia)|Rash|Elevated liver enzymes|Lipodystrophy|Gynaecomastia",Rifampicin|Hormonal contraceptives (use additional barrier method)|Warfarin|Statins|Methadone,0,500,True,False,J05AR06
Fluconazole Capsules,Fluconazole,F5-0001,Pfizer,Antifungal/Triazole,Capsule,"50mg, 100mg, 150mg, 200mg",Diflucan|Flucoran|Forcan|Flucon,Vaginal candidiasis (single 150mg dose)|Oropharyngeal and oesophageal candidiasis|Cryptococcal meningitis|Tinea infections|Prophylaxis in immunocompromised patients,"Co-administration with terfenadine, cisapride (QT risk)|Hypersensitivity to azoles|Pregnancy (systemic doses)",Nausea|Abdominal pain|Headache|Hepatotoxicity (rare)|QT prolongation (high doses),Warfarin|Tacrolimus|Phenytoin|Rifampicin|Statins|Amiodarone,500,2500,False,False,J02AC01
Atorvastatin Tablets,Atorvastatin Calcium,G6-0001,Pfizer,Lipid-lowering/Statin,Tablet,"10mg, 20mg, 40mg, 80mg",Lipitor|Atorva|Storvas|Torvast,Hypercholesterolaemia|Mixed dyslipidaemia|Prevention of cardiovascular events in high-risk patients|Familial hypercholesterolaemia,Active liver disease|Pregnancy|Breastfeeding|Unexplained persistent elevations of serum transaminases,Myopathy/myalgia|Raised liver enzymes|Rhabdomyolysis (rare)|Headache|GI disturbance|Increased blood glucose,Ciclosporin|Fibrates (myopathy risk)|Amiodarone|Amlodipine (max 20mg simvastatin)|Grapefruit juice|Clarithromycin,800,3500,True,False,C10AA05
Omeprazole Capsules,Omeprazole,H7-0001,AstraZeneca,Gastrointestinal/Proton Pump Inhibitor,Capsule,"10mg, 20mg, 40mg",Losec|Prilosec|Omez|Omedon,Peptic ulcer disease|GERD/Acid reflux|Zollinger-Ellison syndrome|H. pylori eradication (triple therapy)|Prevention of NSAID-related ulcers,Hypersensitivity to omeprazole or other PPI|Co-administration with rilpivirine or nelfinavir,Headache|Nausea|Diarrhoea|Hypomagnesaemia (long-term)|Clostridium difficile (long-term)|Vitamin B12 deficiency|Fractures (long-term high dose),Clopidogrel (reduced antiplatelet effect)|Methotrexate|Rilpivirine|Nelfinavir|Iron (reduced absorption),600,2000,False,False,A02BC01
Ibuprofen Tablets,Ibuprofen,H7-0002,Abbott,NSAID/Analgesic,Tablet,"200mg, 400mg, 600mg",Brufen|Advil|Emzor Ibuprofen|Nurofen,Pain relief (mild to moderate)|Fever|Inflammation|Dysmenorrhoea|Rheumatoid arthritis|Osteoarthritis,Active peptic ulcer|Severe renal/hepatic impairment|Pregnancy (third trimester)|Aspirin-sensitive asthma|Heart failure,"GI upset/bleeding|Renal impairment|Cardiovascular events (high dose, long-term)|Fluid retention|Raised blood pressure",Warfarin|Aspirin|SSRIs|ACE inhibitors|Diuretics|Lithium|Methotrexate,300,900,False,False,M01AE01
Prednisolone Tablets,Prednisolone,I8-0001,Pfizer,Corticosteroid,Tablet,"5mg, 10mg, 25mg",Deltacortril|Predsol|Predmet,Inflammatory conditions|Allergic conditions|Asthma|Rheumatoid arthritis|SLE|IBD|Adrenal insufficiency,Systemic infections (untreated)|Live vaccines (during treatment)|Hypersensitivity,Immunosuppression|Hyperglycaemia|Osteoporosis (long-term)|Cushingoid features|Peptic ulcer|Psychiatric effects|Growth retardation (children),NSAIDs (GI bleeding risk)|Insulin/oral hypoglycaemics|Rifampicin|Phenytoin|Vaccines (live),400,1500,True,False,H02AB06
Folic Acid Tablets,Folic Acid,J9-0001,Emzor,Vitamin/Supplement,Tablet,"0.4mg, 5mg",Folate|Folicare|Fol-T,Prevention of neural tube defects in pregnancy|Folate deficiency anaemia|Megaloblastic anaemia|Sickle cell disease supplementation,Vitamin B12 deficiency (must treat B12 first),"Generally well tolerated|Nausea (rare, high doses)|May mask B12 deficiency",Methotrexate|Phenytoin|Trimethoprim|Sulfasalazine,200,600,False,False,B03BB01
Ferrous Sulphate Tablets,Ferrous Sulphate,J9-0002,Emzor,Haematinics/Iron Supplement,Tablet,200mg (65mg elemental iron),Ferobin|Fersolate|Ironorm|Ferobest,Iron deficiency anaemia|Prevention of iron deficiency in pregnancy|Sickle cell disease supplementation,Haemochromatosis|Haemolytic anaemia|Anaemia not due to iron deficiency,Constipation|Dark/black stools|Nausea|Abdominal pain|Diarrhoea,Antacids (reduced absorption)|Tetracyclines|Fluoroquinolones|Levodopa|Levothyroxine,300,800,False,False,B03AA07
Chloroquine Phosphate Tablets,Chloroquine Phosphate,K0-0001,Swiss Pharma,Antimalarial,Tablet,250mg (150mg base),Malarex|Avloclor|Dawaquin,Malaria prophylaxis (non-resistant areas)|Treatment of sensitive P. vivax and P. malariae|Rheumatoid arthritis|Lupus erythematosus,Retinal/visual field changes|Hypersensitivity|Porphyria|P. falciparum in most of Nigeria (resistance),GI disturbance|Headache|Pruritus (very common in Africans)|Retinopathy (long-term)|Cardiac arrhythmias (overdose),Antacids|Cimetidine|Amiodarone|Mefloquine (seizures),200,700,False,False,P01BA01
Diazepam Tablets,Diazepam,L1-0001,Roche,Anxiolytic/Benzodiazepine,Tablet,"2mg, 5mg, 10mg",Valium|Diazemuls|Stesolid,Anxiety disorders|Alcohol withdrawal|Muscle spasm|Seizure management (IV)|Preoperative sedation,Respiratory depression|Sleep apnoea|Severe hepatic impairment|Myasthenia gravis|Acute narrow-angle glaucoma,Sedation|Drowsiness|Cognitive impairment|Dependence (with prolonged use)|Paradoxical agitation (rare)|Respiratory depression (high doses),Alcohol (potentiates CNS depression)|Opioids (respiratory depression)|Other CNS depressants|CYP3A4 inhibitors (e.g. fluconazole),400,1500,True,True,N05BA01
Morphine Sulphate Tablets,Morphine Sulphate,M2-0001,Napp Pharmaceuticals,Opioid Analgesic,Tablet (Modified Release),"10mg, 30mg, 60mg",MST Continus|Morphgesic|Sevredol,Severe chronic pain|Cancer pain|Palliative care|Post-operative pain,Respiratory depression|Paralytic ileus|Raised intracranial pressure|Head injury|MAO inhibitor use within 14 days,Constipation|Nausea/vomiting|Respiratory depression|Sedation|Physical dependence|Miosis|Urinary retention,MAO inhibitors|Alcohol|Benzodiazepines|CNS depressants|Naltrexone/naloxone,5000,15000,True,True,N02AA01
Salbutamol Inhaler,Salbutamol (Albuterol),N3-0001,GSK,Bronchodilator/Beta-2 Agonist,Metered Dose Inhaler,100mcg/puff,Ventolin|Asmalin|Salamol|Aero-Sal,Acute asthma attacks (reliever)|Bronchospasm in COPD|Exercise-induced bronchospasm|Prevention of allergen-induced bronchospasm,Hypersensitivity to salbutamol,Tremor|Tachycardia|Palpitations|Headache|Hypokalaemia (high doses)|Peripheral vasodilation,Beta-blockers (antagonism)|MAO inhibitors|Tricyclic antidepressants|Diuretics (hypokalaemia),1500,4000,False,False,R03AC02
Beclomethasone Inhaler,Beclomethasone Dipropionate,N3-0002,Chiesi,Inhaled Corticosteroid,Metered Dose Inhaler,"100mcg, 200mcg, 250mcg/puff",Clenil Modulite|Becotide|Beclazone,Prophylaxis of asthma (preventer)|COPD (in combination),Active pulmonary tuberculosis|Acute asthma attack,"Oral candidiasis (use spacer and rinse mouth)|Hoarseness|Adrenal suppression (high doses)|Growth retardation (children, high doses)",Ritonavir (increased plasma levels)|Ketoconazole,3000,8000,True,False,R03BA01
Hydrochlorothiazide Tablets,Hydrochlorothiazide,O4-0001,Novartis,Diuretic/Antihypertensive,Tablet,"12.5mg, 25mg, 50mg",Esidrex|HydroSaluric|Dichlotride,Hypertension (usually in combination)|Oedema in heart failure|Nephrotic syndrome|Diabetes insipidus,Renal failure (anuria)|Hyponatraemia/hypokalaemia|Addison's disease|Sulphonamide hypersensitivity,Hypokalaemia|Hyponatraemia|Hyperuricaemia (gout)|Hyperglycaemia|Photosensitivity|Impotence,NSAIDs|Lithium|Digoxin (hypokalaemia increases toxicity)|ACE inhibitors|Antidiabetics,400,1200,True,False,C03AA03
Amitriptyline Tablets,Amitriptyline Hydrochloride,P5-0001,MSD,Tricyclic Antidepressant/Neuropathic Pain,Tablet,"10mg, 25mg, 50mg, 75mg",Tryptizol|Laroxyl|Elavil|Amitril,"Depression|Neuropathic pain (diabetic, post-herpetic)|Migraine prophylaxis|Fibromyalgia|Bedwetting (nocturnal enuresis)",Recent myocardial infarction|Arrhythmias|MAO inhibitor use within 14 days|Mania|Severe liver disease|Children under 16 (for depression),Dry mouth|Constipation|Urinary retention|Blurred vision|Sedation|Weight gain|QT prolongation|Orthostatic hypotension,MAO inhibitors|SSRIs|Antiarrhythmics|Alcohol|Antihistamines|Antihypertensives,600,2000,True,False,N06AA09
Phenytoin Sodium Tablets,Phenytoin Sodium,Q6-0001,Pfizer,Anticonvulsant,Tablet,100mg,Epanutin|Dilantin|Phenytex,Tonic-clonic seizures|Focal seizures|Status epilepticus (IV)|Trigeminal neuralgia,Sinus bradycardia|SA block|Second/third degree AV block|Porphyria,Gingival hyperplasia|Hirsutism|Folate deficiency|Coarsening of facial features|Osteomalacia|Nystagmus|Ataxia (toxic)|SJS (rare),Many drug interactions (enzyme inducer)|Warfarin|Oral contraceptives|Carbamazepine|Valproate,600,2000,True,False,N03AB02
Oral Rehydration Salts,ORS (Sodium/Potassium/Glucose/Citrate),R7-0001,Emzor / Various,Rehydration/Electrolyte,Powder for solution,WHO standard formula,ORS|Dioralyte|Electrolyte Plus|Rehydrat,Dehydration due to diarrhoea|Cholera|Gastroenteritis|Rehydration in vomiting/fever,Intestinal obstruction|Intractable vomiting,Hypernatraemia (if incorrectly prepared)|Fluid overload (rare),,150,500,False,False,A07CA
Insulin Regular Injection,Insulin Human (Regular),S8-0001,Novo Nordisk,Antidiabetic/Insulin,Injection,100 IU/mL,Actrapid|Humulin R|Insuman Rapid,Type 1 diabetes mellitus|Type 2 diabetes (insulin-requiring)|Diabetic ketoacidosis|Perioperative glycaemic control,Hypoglycaemia,Hypoglycaemia|Lipodystrophy at injection site|Weight gain|Local reactions,Beta-blockers (mask hypoglycaemia symptoms)|ACE inhibitors (increase insulin sensitivity)|Alcohol|Steroids (antagonise effect),3000,8000,True,False,A10AB01
Co-trimoxazole Tablets,Trimethoprim + Sulfamethoxazole,T9-0001,GSK,Antibiotic/Sulfonamide,Tablet,"480mg (80mg/400mg), 960mg (160mg/800mg)",Septrin|Bactrim|Cotrimox,Pneumocystis jirovecii pneumonia (PCP - prophylaxis and treatment)|HIV-associated infections prophylaxis|Urinary tract infections|Typhoid|Nocardiosis|Toxoplasmosis,Sulfonamide hypersensitivity|Severe renal/hepatic impairment|Megaloblastic anaemia|Pregnancy (third trimester)|Infants under 6 weeks,Nausea|Rash|Stevens-Johnson syndrome (rare)|Bone marrow suppression|Hyperkalaemia (high doses)|Hypoglycaemia,Warfarin|Methotrexate|ACE inhibitors (hyperkalaemia)|Phenytoin,300,900,False,False,J01EE01
Artemisinin + Piperaquine Tablets,Dihydroartemisinin + Piperaquine,U0-0001,Sigma-Tau,Antimalarial,Tablet,40mg/320mg,Eurartesim|P-Alaxin|Duo-Cotecxin,Uncomplicated P. falciparum malaria|Alternative to artemether-lumefantrine,QT prolongation|Hypokalaemia|Cardiac arrhythmias|Pregnancy,QT prolongation|Headache|Anaemia|Fever,QT-prolonging drugs|CYP3A4 inhibitors,2000,4000,False,False,P01BF03
Vitamin C Tablets,Ascorbic Acid,V1-0001,Bayer,Vitamin/Supplement,Tablet,"100mg, 200mg, 500mg, 1000mg",Redoxon|Vitamin C 1000|C-Long,Vitamin C deficiency (scurvy)|Enhanced iron absorption|Immune support|Antioxidant,Hyperoxaluria|Haemochromatosis (high doses),"Diarrhoea (high doses)|Kidney stones (high doses, predisposed individuals)|GI upset",Iron (enhanced absorption)|Warfarin (high doses may affect INR),300,1500,False,False,A11GA01
Artemether Injection,Artemether,W2-0001,Sanofi,Antimalarial/Injectable,Injection (oily),80mg/mL,Paluther|Artenam,Severe malaria in patients unable to take oral medication|Cerebral malaria (step-down from artesunate IV),First trimester of pregnancy (use quinine instead)|Hypersensitivity,Neurotoxicity (animal studies - not confirmed in humans at therapeutic doses)|Local injection site reactions|QT prolongation,Other QT-prolonging agents,2500,6000,True,False,P01BE02
Cotrimoxazole Paediatric Suspension,Trimethoprim + Sulfamethoxazole,X3-0001,GSK,Antibiotic/Paediatric,Oral Suspension,240mg/5mL (40mg/200mg per 5mL),Septrin Paediatric|Bactrim Suspension,PCP prophylaxis in HIV-positive children|Urinary tract infections in children|Otitis media,Infants under 6 weeks|Sulphonamide allergy|Severe blood disorders,Nausea|Rash|Blood dyscrasias,Warfarin|Methotrexate,800,2000,True,False,J01EE01
Zinc Sulphate Tablets,Zinc Sulphate,Y4-0001,Various,Micronutrient/Supplement,Tablet,20mg elemental zinc,Zincovit|Z-Span|Zincomed,Adjunct treatment of diarrhoea in children (WHO protocol)|Zinc deficiency|Acne vulgaris|Immune support,,Nausea|Vomiting (empty stomach)|Copper deficiency (long-term high doses),Iron (mutual absorption inhibition)|Tetracyclines|Fluoroquinolones,200,700,False,False,A12CB01
Artesunate Injection,Artesunate,A4-3001,Guilin Pharma,Antimalarial,Injection,60mg/vial,Artesunat|Malacef|Artesun,Severe malaria|Cerebral malaria|Malaria in pregnancy (2nd/3rd trimester),Hypersensitivity to artesunate|First trimester pregnancy (use quinine),Haemolysis (delayed)|Nausea|Dizziness|QT prolongation (rare),Other QT-prolonging drugs,3500,8000,True,False,P01BE03
Quinine Dihydrochloride Injection,Quinine Dihydrochloride,A4-3002,Various,Antimalarial,Injection,300mg/mL,Quinimax|Quinbisul,Severe malaria when artesunate unavailable|Malaria in first trimester of pregnancy,Tinnitus|Optic neuritis|Haemoglobinuria|Myasthenia gravis,"Cinchonism (tinnitus, headache, nausea)|Hypoglycaemia|QT prolongation|Thrombocytopenia",Digoxin|Antacids|Mefloquine|Neuromuscular blockers,2000,6000,True,False,P01BC01
Sulfadoxine + Pyrimethamine Tablets,Sulfadoxine + Pyrimethamine,A4-3003,Roche,Antimalarial,Tablet,500mg/25mg,Fansidar|Maloxine|SP,Intermittent preventive treatment in pregnancy (IPTp)|Treatment of chloroquine-resistant malaria (with artesunate),Sulfonamide allergy|Severe renal/hepatic impairment|Near-term pregnancy|Infant < 2 months,Rash|Stevens-Johnson syndrome (rare)|Folate deficiency,Methotrexate|Cotrimoxazole|Phenytoin,300,800,False,False,P01BD51
Doxycycline Capsules,Doxycycline Hyclate,D3-0020,Pfizer,Antibiotic/Tetracycline,Capsule,100mg,Vibramycin|Doxinate|Biodoxi,Malaria prophylaxis|Chlamydia|Typhus|Brucellosis|Lyme disease|Respiratory infections|Acne,Children under 8 years|Pregnancy (2nd and 3rd trimester)|Hypersensitivity to tetracyclines,Oesophageal irritation (take with food/water)|Photosensitivity|GI upset|Discolouration of teeth (children),Antacids|Iron|Dairy (reduce absorption)|Warfarin|Oral contraceptives (slight risk),1500,4000,True,False,J01AA02
Azithromycin Tablets,Azithromycin Dihydrate,D3-0021,Pfizer,Antibiotic/Macrolide,Tablet,"250mg, 500mg",Zithromax|Azithrocin|Azibiot|Zithrox,Community-acquired pneumonia|Typhoid fever (mild)|Chlamydia|Gonorrhoea (with ceftriaxone)|Otitis media|Skin infections,Hypersensitivity to macrolides|Severe hepatic impairment|QT prolongation,Nausea|Diarrhoea|Abdominal pain|QT prolongation|Hearing loss (high doses),Warfarin|QT-prolonging drugs|Antacids (reduce absorption by 2h),2000,5500,True,False,J01FA10
Ceftriaxone Injection,Ceftriaxone Sodium,D3-0022,Roche,Antibiotic/Cephalosporin,Injection,"250mg, 500mg, 1g vial",Rocephin|Ceftriax|Biotriaxone,Severe infections|Gonorrhoea (single dose)|Meningitis|Typhoid fever|Septicaemia|Post-operative prophylaxis,Cephalosporin hypersensitivity|Neonates with jaundice (displaces bilirubin)|Hypercalcaemia (avoid Ca-containing IV solutions simultaneously),Injection site reactions|Diarrhoea|Rash|Gallbladder sludge (rare),Calcium-containing IV fluids (precipitate in neonates)|Aminoglycosides,1500,5000,True,False,J01DD04
Erythromycin Tablets,Erythromycin Ethylsuccinate,D3-0023,Abbott,Antibiotic/Macrolide,Tablet,"250mg, 500mg",Erythrocin|Erymax|E-Mycin,Penicillin-allergic patients|Respiratory infections|Whooping cough|Chlamydia in pregnancy|Campylobacter enteritis|Skin infections,Hepatic impairment|QT prolongation|Concurrent use with terfenadine/astemizole,GI upset (most common)|Hepatotoxicity (rare)|QT prolongation|Hearing loss (high IV doses),Warfarin|Statins (myopathy risk)|Theophylline|Tacrolimus|Carbamazepine,800,2500,True,False,J01FA01
Gentamicin Injection,Gentamicin Sulphate,D3-0024,Schering,Antibiotic/Aminoglycoside,Injection,"40mg/mL, 80mg/2mL",Garamycin|Cidomycin,Severe gram-negative infections|Septicaemia|Meningitis (with ampicillin)|Urinary tract infections (complicated)|Endocarditis (synergy with penicillin),Renal impairment (adjust dose/monitor)|Myasthenia gravis|Pregnancy (ototoxicity to fetus),"Nephrotoxicity|Ototoxicity (hearing loss, vertigo)|Neuromuscular blockade",Loop diuretics (furosemide) - increased ototoxicity|Ciclosporin - nephrotoxicity|Neuromuscular blockers,800,3000,True,False,J01GB03
Hydrochlorothiazide + Amiloride,Hydrochlorothiazide + Amiloride,B1-0020,MSD,Antihypertensive/Diuretic,Tablet,50mg/5mg,Moduretic|Amilor,Hypertension|Oedema in heart failure|Prevention of hypokalaemia with thiazides,Hyperkalaemia|Renal failure|Addison's disease|Diabetic nephropathy,Electrolyte disturbances|Dizziness|GI upset|Hyperuricaemia,ACE inhibitors (hyperkalaemia)|NSAIDs|Lithium,600,2000,True,False,C03EA01
Atenolol Tablets,Atenolol,B1-0021,AstraZeneca,Antihypertensive/Beta-Blocker,Tablet,"25mg, 50mg, 100mg",Tenormin|Atecard|Betacard,Hypertension|Angina|Heart failure (stable)|Post-MI|Arrhythmias|Anxiety (situational),Asthma/COPD|Bradycardia|AV block (2nd/3rd degree)|Cardiogenic shock|Uncontrolled heart failure,Bradycardia|Cold extremities|Fatigue|Bronchospasm (asthma risk)|Impotence|Masks hypoglycaemia symptoms,Verapamil/diltiazem (AV block)|Insulin/antidiabetics|Clonidine (rebound hypertension on withdrawal)|NSAIDs,500,2000,True,False,C07AB03
Nifedipine Tablets,Nifedipine,B1-0022,Bayer,Antihypertensive/Calcium Channel Blocker,Tablet (modified release),"10mg (immediate), 20mg, 30mg (SR)",Adalat|Procardia|Nifecard,Hypertension|Angina|Raynaud's phenomenon|Preterm labour (tocolysis),Cardiogenic shock|Within 1 month of MI|Unstable angina|Porphyria,Flushing|Headache|Ankle oedema|Palpitations|Gingival hyperplasia (long-term),Rifampicin (reduced effect)|Grapefruit juice (increased levels)|Phenytoin|Quinupristin,500,2500,True,False,C08CA05
Furosemide Tablets,Furosemide (Frusemide),B1-0023,Sanofi,Diuretic/Loop Diuretic,Tablet,"20mg, 40mg, 80mg",Lasix|Frusol|Diuresal,Heart failure oedema|Pulmonary oedema|Hypertension (resistant)|Nephrotic syndrome|Hepatic ascites|Hypercalcaemia,Anuria|Hypovolaemia|Severe hypokalaemia/hyponatraemia|Addison's disease|Sulfonamide hypersensitivity,Hypokalaemia|Hyponatraemia|Dehydration|Hyperuricaemia|Ototoxicity (IV high doses)|Postural hypotension,Aminoglycosides (ototoxicity)|Digoxin (hypokalaemia increases toxicity)|NSAIDs|Lithium|ACE inhibitors,300,1000,True,False,C03CA01
Glimepiride Tablets,Glimepiride,C2-0010,Sanofi,Antidiabetic/Sulphonylurea,Tablet,"1mg, 2mg, 4mg",Amaryl|Glimepride|Glimy,Type 2 diabetes mellitus,Type 1 diabetes|Diabetic ketoacidosis|Severe renal/hepatic impairment|Pregnancy,Hypoglycaemia|Weight gain|GI disturbance|Skin reactions|Hyponatraemia,NSAIDs|Warfarin|Fluconazole|Beta-blockers (mask symptoms)|Alcohol,800,3000,True,False,A10BB12
Sitagliptin Tablets,Sitagliptin Phosphate,C2-0011,MSD,Antidiabetic/DPP-4 Inhibitor,Tablet,"25mg, 50mg, 100mg",Januvia|Sitaglip,Type 2 diabetes mellitus (as add-on or monotherapy),Type 1 diabetes|Diabetic ketoacidosis|eGFR < 15 (reduce dose for lower eGFR),Nasopharyngitis|Headache|Pancreatitis (rare)|Joint pain,Digoxin (slight increase)|CYP3A4/2C8 inducers,8000,18000,True,False,A10BH01
Metoclopramide Tablets,Metoclopramide Hydrochloride,H7-0010,Sanofi,Antiemetic/Prokinetic,Tablet,10mg,Maxolon|Emeset|Primperan,Nausea and vomiting|Gastroparesis|GERD (adjunct)|Migraine-associated nausea,GI obstruction|Phaeochromocytoma|Epilepsy|Parkinson's disease|Children under 1 year,Extrapyramidal reactions (especially young adults)|Drowsiness|Tardive dyskinesia (long-term)|Hyperprolactinaemia,Antipsychotics (extrapyramidal effects)|Opioids|Alcohol|MAO inhibitors,400,1200,False,False,A03FA01
Hyoscine Butylbromide Tablets,Hyoscine Butylbromide (Buscopan),H7-0011,Boehringer Ingelheim,Antispasmodic,Tablet,10mg,Buscopan|Scobutil,Abdominal cramps and spasms|Irritable bowel syndrome|Dysmenorrhoea|Renal colic (adjunct),Myasthenia gravis|Glaucoma (narrow-angle)|Ileus|Megacolon|Urinary obstruction,Dry mouth|Tachycardia|Blurred vision|Urinary retention|Constipation,Other anticholinergics|Amantadine|Antihistamines|TCAs,500,1500,False,False,A03BB01
Oral Zinc Sulphate Syrup (paediatric),Zinc Sulphate,H7-0012,Emzor,Micronutrient/Paediatric,Syrup,10mg/5mL elemental zinc,Zincosol|ZinCef Syrup,Adjunct in childhood diarrhoea (WHO protocol)|Zinc deficiency in children,,Nausea if given on empty stomach,Iron (mutual absorption inhibition)|Tetracyclines,500,1200,False,False,A12CB01
Theophylline Tablets,Theophylline,N3-0010,Napp,Bronchodilator/Xanthine,Tablet (modified release),"200mg, 300mg, 400mg",Uniphyllin|Theo-Dur|Nuelin,Asthma (add-on therapy)|COPD|Neonatal apnoea (aminophylline IV),Porphyria|Severe hypotension|Cardiac arrhythmias (unless bradycardia),Nausea/vomiting|Tachycardia|Arrhythmias|Headache|Insomnia|Seizures (toxicity),Cimetidine (increased levels)|Ciprofloxacin (increased levels)|Rifampicin (decreased levels)|Erythromycin|Phenytoin|Caffeine,800,2500,True,False,R03DA04
Cetirizine Tablets,Cetirizine Dihydrochloride,N3-0011,UCB,Antihistamine,Tablet,10mg,Zyrtec|Cetrizine|Zirtec|Alercet,Allergic rhinitis|Urticaria|Eczema|Insect bite reactions|Hay fever,Severe renal impairment (reduce dose)|Hypersensitivity to cetirizine or hydroxyzine,Drowsiness (less than older antihistamines)|Dry mouth|Headache|Fatigue,Alcohol (potentiates sedation)|CNS depressants|Ritonavir (increased cetirizine levels),500,1500,False,False,R06AE07
Loratadine Tablets,Loratadine,N3-0012,Bayer,Antihistamine (Non-sedating),Tablet,10mg,Claritin|Loranox|Lorfast,Allergic rhinitis|Urticaria|Hayfever|Allergic skin conditions,Hypersensitivity to loratadine or desloratadine,Generally very well tolerated|Headache|Dry mouth (rare)|Minimal sedation,Cimetidine|Ketoconazole|Erythromycin (slightly increased levels but not clinically significant),500,1800,False,False,R06AX13
Vitamin B Complex Tablets,Thiamine + Riboflavin + Niacinamide + B6 + B12,J9-0010,Various,Vitamin/Supplement,Tablet,Various,Neurovit|Becosules|B-Complex|Berocca,B vitamin deficiency|Peripheral neuropathy|Pregnancy supplementation|Alcoholism-related deficiency,,Bright yellow urine (harmless - riboflavin)|Flushing (niacin at high doses),Levodopa (pyridoxine may reduce effect)|Phenytoin (folate component),400,2000,False,False,A11BA
Ferrous Gluconate + Folic Acid Tablets,Ferrous Gluconate + Folic Acid,J9-0011,Vitabiotics,Haematinics/Antenatal,Tablet,250mg/0.35mg,Pregnacare|Feroglobin|Ferrogreen Plus,Antenatal iron and folate supplementation|Iron deficiency anaemia in pregnancy|Prevention of neural tube defects,Haemochromatosis|Haemolytic anaemia,Constipation|Dark stools|GI upset|Nausea,Antacids|Tetracyclines|Fluoroquinolones|Levothyroxine,1500,4000,False,False,B03AD03
Calcium Carbonate + Vitamin D3,Calcium Carbonate + Colecalciferol,J9-0012,Novartis,Mineral/Supplement,Tablet,500mg/400IU,Sandocal|Calvit D3|Calcimax|Osteocare,Calcium and vitamin D deficiency|Osteoporosis prevention|Rickets|Tetany|Antenatal supplementation,Hypercalcaemia|Nephrolithiasis (calcium oxalate stones)|Sarcoidosis,Constipation|Flatulence|Hypercalcaemia (high doses)|Kidney stones (high doses),Iron (separate by 2h)|Fluoroquinolones/tetracyclines (separate by 2h)|Bisphosphonates|Thiazides (increased hypercalcaemia risk),1000,3500,False,False,A12AX
Lopinavir + Ritonavir Tablets,Lopinavir + Ritonavir,E4-0010,AbbVie,Antiretroviral/Protease Inhibitor,Tablet,200mg/50mg,Kaletra|Aluvia,HIV-1 infection (2nd line or PI-based regimen)|HIV in pregnancy|Children (with appropriate dosing),Severe hepatic impairment|Co-administration with drugs highly dependent on CYP3A or CYP2D6,Diarrhoea|Nausea|Vomiting|Dyslipidaemia|Hepatotoxicity|Pancreatitis|QT prolongation,Rifampicin (contraindicated)|Statins (high risk myopathy)|Warfarin|Many CYP3A4 substrates|Hormonal contraceptives (use alternative),0,500,True,False,J05AR10
Nevirapine Tablets,Nevirapine,E4-0011,Boehringer Ingelheim,Antiretroviral/NNRTI,Tablet,200mg,Viramune|Nevirex|Nevimune,HIV-1 (2nd line where DTG not used)|Prevention of mother-to-child transmission (single dose - phasing out),"Severe hepatic impairment|High CD4 count initiation (>250 in women, >400 in men - liver toxicity risk)",Severe rash (SJS/TEN)|Hepatotoxicity (especially first 18 weeks)|Fatigue|Nausea,Rifampicin (avoid or increase nevirapine dose)|Hormonal contraceptives (reduced efficacy)|Fluconazole (increased nevirapine)|Clarithromycin,0,500,True,False,J05AG01
Griseofulvin Tablets,Griseofulvin (microsize),F5-0010,GSK,Antifungal/Systemic,Tablet,"125mg, 250mg",Fulcin|Grisovin|Grisactin,Tinea capitis (ringworm of scalp)|Tinea pedis (athlete's foot - severe)|Onychomycosis (nail fungus - less effective than newer drugs),Porphyria|Severe hepatic impairment|Pregnancy|SLE,Headache|GI disturbance|Photosensitivity|Rash|Peripheral neuropathy (rare),Warfarin (reduced effect)|Oral contraceptives (reduced efficacy)|Alcohol (flushing)|Phenobarbital (reduced griseofulvin levels),800,3000,True,False,D01BA01
Clotrimazole Vaginal Tablets,Clotrimazole,F5-0011,Bayer,Antifungal/Topical,Vaginal Tablet,"100mg, 500mg",Canesten|Clotrin|Mycelex,Vaginal candidiasis (thrush)|Vulvovaginal yeast infection,Hypersensitivity to imidazoles,Local irritation|Burning sensation|Vaginal discharge,Latex condoms/diaphragms (oil-based preparations may damage),800,2500,False,False,G01AF02
Carbamazepine Tablets,Carbamazepine,Q6-0010,Novartis,Anticonvulsant/Mood Stabiliser,Tablet,"100mg, 200mg, 400mg",Tegretol|Carbamapin|Epimaz,Epilepsy (focal and tonic-clonic)|Trigeminal neuralgia|Bipolar disorder|Diabetic neuropathy,AV block|Bone marrow depression|Porphyria|MAO inhibitors within 14 days|Han Chinese/Thai patients (HLA-B*1502 - risk of SJS),"Dizziness|Ataxia|Diplopia|Nausea|Leucopenia|SJS (rare, especially in Asian patients)|Hyponatraemia|Enzyme induction",Many drugs (potent CYP inducer)|Warfarin|Oral contraceptives|Phenytoin|Valproate|Clozapine|Lithium,800,3000,True,False,N03AF01
Sodium Valproate Tablets,Sodium Valproate,Q6-0011,Sanofi,Anticonvulsant/Mood Stabiliser,Tablet,"200mg, 500mg",Epilim|Valprolept|Convulex,All forms of epilepsy|Bipolar disorder (manic episodes)|Migraine prophylaxis,Personal/family history of severe liver disease|Pregnancy (teratogenic - neural tube defects)|Urea cycle disorders|Mitochondrial disorders|Women of childbearing age (unless absolutely necessary with contraception),Weight gain|Tremor|Hair loss|Hepatotoxicity|Pancreatitis|Teratogenicity (spina bifida)|Polycystic ovaries,Lamotrigine (increase lamotrigine levels 2-fold)|Carbamazepine|Phenytoin|Aspirin|Warfarin,1000,4000,True,False,N03AG01
Haloperidol Tablets,Haloperidol,P5-0010,Janssen,Antipsychotic/Typical,Tablet,"0.5mg, 1.5mg, 5mg, 10mg",Haldol|Serenace|Dozic,Schizophrenia|Acute psychosis|Manic episodes|Tourette syndrome|Severe behavioural problems|Intractable hiccups (low dose),Parkinson's disease|Lewy body dementia|CNS depression|Coma|Prolonged QT|Basal ganglia disease,"Extrapyramidal side effects (parkinsonism, akathisia)|Tardive dyskinesia|Neuroleptic malignant syndrome (rare)|QT prolongation|Sedation|Galactorrhoea",CNS depressants|QT-prolonging drugs|Lithium|Carbamazepine|Anticholinergics,600,2500,True,False,N05AD01
Oxytocin Injection,Oxytocin,O4-0010,Novartis,Oxytocic/Uterotonic,Injection,10 IU/mL,Syntocinon|Pitocin,Induction and augmentation of labour|Prevention and treatment of postpartum haemorrhage|Incomplete/inevitable abortion,Mechanical obstruction to delivery|Fetal distress (when not delivering)|Uterine hyperstimulation|Previous classical caesarean section,Uterine hyperstimulation|Fetal distress|Water intoxication (prolonged IV infusion)|Nausea|Hypotension,Prostaglandins (additive uterotonic effect)|Vasoconstrictors (severe hypertension),500,2000,True,False,H01BB02
Misoprostol Tablets,Misoprostol,O4-0011,Pfizer,Prostaglandin/Uterotonic,Tablet,200mcg,Cytotec|Misoclear|Misodel,Prevention of PPH (600mcg oral/sublingual at delivery)|Cervical ripening|Medical management of miscarriage|Incomplete abortion|Medical termination of pregnancy (with mifepristone)|NSAID-induced ulcer prophylaxis,Previous CS (for labour induction - scar rupture risk)|Fetal malpresentation (for induction),Shivering|Fever (oral route)|Nausea|Diarrhoea|Uterine hyperstimulation,Oxytocin (additive uterotonic - stagger dosing)|Antacids (reduce misoprostol levels),300,1500,True,False,G02AD06
Pyramax Tablets,Pyronaridine + Artesunate,A4-4001,Shin Poong,Antimalarial,Tablet,180mg/60mg,Pyramax,Uncomplicated P. falciparum malaria|Uncomplicated P. vivax malaria,Hepatic impairment|Pregnancy and lactation|Children < 20kg,Elevated liver enzymes (monitor)|Nausea|Headache|Dizziness|Abdominal pain,Hepatotoxic drugs (avoid)|QT-prolonging drugs,2500,5000,False,False,P01BF05
Paracetamol Suspension Paediatric,Paracetamol,A4-5001,Johnson & Johnson,Analgesic/Antipyretic (Paediatric),Oral Suspension,120mg/5mL,Calpol|Emzor Paracetamol Syrup|Tempol,Fever in children|Mild to moderate pain in children|Post-vaccination fever,Severe hepatic impairment|Known hypersensitivity,Generally very well tolerated|Liver damage (overdose),Warfarin (high doses)|Metoclopramide (faster absorption),400,1200,False,False,N02BE01
Amoxicillin Suspension Paediatric,Amoxicillin Trihydrate,D3-0030,GSK,Antibiotic/Paediatric,Oral Suspension,"125mg/5mL, 250mg/5mL",Amoxil Syrup|Hiconcil Suspension|Trimox,Ear infections (otitis media)|Throat infections|Chest infections|Urinary tract infections|Dental infections (prophylaxis),Penicillin allergy|Infectious mononucleosis,Diarrhoea|Nausea|Rash|Thrush,Methotrexate|Oral contraceptives|Warfarin,800,2000,True,False,J01CA04
Rifampicin + Isoniazid + Pyrazinamide + Ethambutol,RHZE Fixed-Dose Combination,D3-0040,Various,Antituberculosis,Tablet,150mg/75mg/400mg/275mg,Rifafour|Rimactazid Plus|RHZE FDC,First-line treatment of pulmonary tuberculosis (intensive phase - 2 months),Severe hepatic disease|Optic neuritis (ethambutol component)|Gout (pyrazinamide component)|Hypersensitivity to any component,Hepatotoxicity (monitor LFTs)|Orange discolouration of body fluids (rifampicin)|Peripheral neuropathy (isoniazid - give pyridoxine)|Visual changes (ethambutol - check vision monthly)|Hyperuricaemia (pyrazinamide),"Rifampicin is a potent CYP inducer: reduces levels of warfarin, oral contraceptives, ARVs, steroids, many others|Antacids reduce absorption (take 30min before)",2000,5000,True,False,J04AM05
Rifampicin + Isoniazid Tablets,Rifampicin + Isoniazid,D3-0041,Sanofi,Antituberculosis,Tablet,"300mg/150mg, 150mg/100mg",Rifinah|Rimactazid|RH FDC,Continuation phase of TB treatment (4 months after intensive phase)|TB prophylaxis in high-risk contacts,Severe hepatic disease|Jaundice,Orange urine/sweat/tears (harmless)|Hepatotoxicity|Peripheral neuropathy (isoniazid - prevent with pyridoxine 10mg daily)|Drug interactions (rifampicin),Many drugs - rifampicin is a major CYP450 inducer|Oral contraceptives (use alternative)|ARVs (most require dose adjustment)|Warfarin|Steroids|Phenytoin,1500,4000,True,False,J04AM02